Rank,Business & Admin,Engineering,Healthcare,Information Technology,Sales & Marketing
Rank 1,job,job,job,experience,sales
Rank 2,experience,work,medical,work,marketing
Rank 3,work,experience,experience,job,job
Rank 4,management,ensure,skills,management,experience
Rank 5,company,project,work,skills,business
Rank 6,skills,management,company,team,skills
Rank 7,financial,company,sales,business,company
Rank 8,accounting,quality,healthcare,support,team
Rank 9,team,engineering,report,company,customer
Rank 10,ensure,skills,care,development,work
